T,h,e, ,S,h,a,w,s,h,a,n,k, ,R,e,d,e,m,p,t,i,o,n
D,i,l,w,a,l,e, ,D,u,l,h,a,n,i,a, ,L,e, ,J,a,y,e,n,g,e
T,h,e, ,G,o,d,f,a,t,h,e,r
S,c,h,i,n,d,l,e,r,',s, ,L,i,s,t
T,h,e, ,G,o,d,f,a,t,h,e,r,:, ,P,a,r,t, ,I,I
I,m,p,o,s,s,i,b,l,e, ,T,h,i,n,g,s
S,p,i,r,i,t,e,d, ,A,w,a,y
Y,o,u,r, ,E,y,e,s, ,T,e,l,l
D,o,u, ,k,y,u, ,s,e,i, ,–, ,C,l,a,s,s,m,a,t,e,s
Y,o,u,r, ,N,a,m,e,.
1,2, ,A,n,g,r,y, ,M,e,n
G,a,b,r,i,e,l,',s, ,I,n,f,e,r,n,o
P,a,r,a,s,i,t,e
T,h,e, ,G,r,e,e,n, ,M,i,l,e
G,a,b,r,i,e,l,',s, ,I,n,f,e,r,n,o,:, ,P,a,r,t, ,I,I
T,h,e, ,D,a,r,k, ,K,n,i,g,h,t
T,h,e, ,G,o,o,d,",", ,t,h,e, ,B,a,d, ,a,n,d, ,t,h,e, ,U,g,l,y
P,u,l,p, ,F,i,c,t,i,o,n
T,h,e, ,L,o,r,d, ,o,f, ,t,h,e, ,R,i,n,g,s,:, ,T,h,e, ,R,e,t,u,r,n, ,o,f, ,t,h,e, ,K,i,n,g
G,a,b,r,i,e,l,',s, ,I,n,f,e,r,n,o,:, ,P,a,r,t, ,I,I,I
F,o,r,r,e,s,t, ,G,u,m,p
C,i,n,e,m,a, ,P,a,r,a,d,i,s,o
S,e,v,e,n, ,S,a,m,u,r,a,i
G,o,o,d,F,e,l,l,a,s
V,i,o,l,e,t, ,E,v,e,r,g,a,r,d,e,n,:, ,T,h,e, ,M,o,v,i,e
L,i,f,e, ,I,s, ,B,e,a,u,t,i,f,u,l
O,n,c,e, ,U,p,o,n, ,a, ,T,i,m,e, ,i,n, ,A,m,e,r,i,c,a
H,a,r,a,k,i,r,i
P,s,y,c,h,o
J,o,s,e,e,",", ,t,h,e, ,T,i,g,e,r, ,a,n,d, ,t,h,e, ,F,i,s,h
A, ,D,o,g,',s, ,W,i,l,l
G,r,a,v,e, ,o,f, ,t,h,e, ,F,i,r,e,f,l,i,e,s
O,n,e, ,F,l,e,w, ,O,v,e,r, ,t,h,e, ,C,u,c,k,o,o,',s, ,N,e,s,t
F,i,g,h,t, ,C,l,u,b
E,v,a,n,g,e,l,i,o,n,:, ,3,.,0,+,1,.,0, ,T,h,r,i,c,e, ,U,p,o,n, ,a, ,T,i,m,e
S,p,i,d,e,r,-,M,a,n,:, ,I,n,t,o, ,t,h,e, ,S,p,i,d,e,r,-,V,e,r,s,e
C,i,t,y, ,o,f, ,G,o,d
H,o,p,e
A, ,S,i,l,e,n,t, ,V,o,i,c,e,:, ,T,h,e, ,M,o,v,i,e
H,o,t,a,r,u,b,i, ,n,o, ,M,o,r,i, ,e
H,o,w,l,',s, ,M,o,v,i,n,g, ,C,a,s,t,l,e
N,e,o,n, ,G,e,n,e,s,i,s, ,E,v,a,n,g,e,l,i,o,n,:, ,T,h,e, ,E,n,d, ,o,f, ,E,v,a,n,g,e,l,i,o,n
T,h,e, ,E,m,p,i,r,e, ,S,t,r,i,k,e,s, ,B,a,c,k
S,u,n,s,e,t, ,B,o,u,l,e,v,a,r,d
W,o,l,f,w,a,l,k,e,r,s
T,h,e, ,L,o,r,d, ,o,f, ,t,h,e, ,R,i,n,g,s,:, ,T,h,e, ,F,e,l,l,o,w,s,h,i,p, ,o,f, ,t,h,e, ,R,i,n,g
I,k,i,r,u
P,r,i,m,a,l,:, ,T,a,l,e,s, ,o,f, ,S,a,v,a,g,e,r,y
T,h,e, ,P,i,a,n,i,s,t
I,n,t,e,r,s,t,e,l,l,a,r
W,h,i,p,l,a,s,h
T,h,e, ,L,o,r,d, ,o,f, ,t,h,e, ,R,i,n,g,s,:, ,T,h,e, ,T,w,o, ,T,o,w,e,r,s
A,m,e,r,i,c,a,n, ,H,i,s,t,o,r,y, ,X
R,e,a,r, ,W,i,n,d,o,w
I,n,c,e,p,t,i,o,n
D,e,m,o,n, ,S,l,a,y,e,r, ,-,K,i,m,e,t,s,u, ,n,o, ,Y,a,i,b,a,-, ,T,h,e, ,M,o,v,i,e,:, ,M,u,g,e,n, ,T,r,a,i,n
G,i,v,e,n
C,i,t,y, ,L,i,g,h,t,s
H,i,g,h, ,a,n,d, ,L,o,w
T,h,e, ,G,r,e,a,t, ,D,i,c,t,a,t,o,r
S,e,7,e,n
T,o,p, ,G,u,n,:, ,M,a,v,e,r,i,c,k
P,r,i,n,c,e,s,s, ,M,o,n,o,n,o,k,e
D,e,d,i,c,a,t,e,d, ,t,o, ,m,y, ,e,x
T,h,e, ,S,i,l,e,n,c,e, ,o,f, ,t,h,e, ,L,a,m,b,s
C,o,m,e, ,a,n,d, ,S,e,e
C,l,o,u,d,s
D,e,a,d, ,P,o,e,t,s, ,S,o,c,i,e,t,y
M,o,d,e,r,n, ,T,i,m,e,s
F,i,v,e, ,F,e,e,t, ,A,p,a,r,t
L,é,o,n,:, ,T,h,e, ,P,r,o,f,e,s,s,i,o,n,a,l
O,n,c,e, ,U,p,o,n, ,a, ,T,i,m,e, ,i,n, ,t,h,e, ,W,e,s,t
H,a,m,i,l,t,o,n
P,a,t,h,s, ,o,f, ,G,l,o,r,y
J,u,s,t,i,c,e, ,L,e,a,g,u,e, ,D,a,r,k,:, ,A,p,o,k,o,l,i,p,s, ,W,a,r
B,a,c,k, ,t,o, ,t,h,e, ,F,u,t,u,r,e
M,y, ,H,e,r,o, ,A,c,a,d,e,m,i,a,:, ,H,e,r,o,e,s, ,R,i,s,i,n,g
L,i,f,e, ,i,n, ,a, ,Y,e,a,r
B,e,t,t,e,r, ,D,a,y,s
W,o,m,a,n, ,i,n, ,t,h,e, ,D,u,n,e,s
W,e, ,A,l,l, ,L,o,v,e,d, ,E,a,c,h, ,O,t,h,e,r, ,S,o, ,M,u,c,h
T,o,k,y,o, ,S,t,o,r,y
P,e,r,f,e,c,t, ,B,l,u,e
T,h,e, ,L,e,g,e,n,d, ,o,f, ,1,9,0,0
A,p,o,c,a,l,y,p,s,e, ,N,o,w
R,a,s,c,a,l, ,D,o,e,s, ,N,o,t, ,D,r,e,a,m, ,o,f, ,a, ,D,r,e,a,m,i,n,g, ,G,i,r,l
A,v,e,n,g,e,r,s,:, ,E,n,d,g,a,m,e
L,e, ,T,r,o,u
M,i,r,a,c,l,e, ,i,n, ,C,e,l,l, ,N,o,., ,7
M,o,m,m,y
O,l,d,b,o,y
S,t,e,v,e,n, ,U,n,i,v,e,r,s,e,:, ,T,h,e, ,M,o,v,i,e
T,h,e, ,A,r,t, ,o,f, ,R,a,c,i,n,g, ,i,n, ,t,h,e, ,R,a,i,n
Z,a,c,k, ,S,n,y,d,e,r,',s, ,J,u,s,t,i,c,e, ,L,e,a,g,u,e
K,l,a,u,s
T,h,e, ,H,a,n,d,m,a,i,d,e,n
A,v,e,n,g,e,r,s,:, ,I,n,f,i,n,i,t,y, ,W,a,r
T,h,e, ,I,n,t,o,u,c,h,a,b,l,e,s
K,o,n,o,S,u,b,a,:, ,G,o,d,',s, ,B,l,e,s,s,i,n,g, ,o,n, ,t,h,i,s, ,W,o,n,d,e,r,f,u,l, ,W,o,r,l,d,!, ,L,e,g,e,n,d, ,o,f, ,C,r,i,m,s,o,n
E,v,e,r,y,t,h,i,n,g, ,E,v,e,r,y,w,h,e,r,e, ,A,l,l, ,a,t, ,O,n,c,e
T,h,e, ,L,i,o,n, ,K,i,n,g
I,t,',s, ,a, ,W,o,n,d,e,r,f,u,l, ,L,i,f,e
P,e,r,s,o,n,a
B,l,a,c,k, ,B,e,a,u,t,y
B,i,c,y,c,l,e, ,T,h,i,e,v,e,s
W,o,l,f, ,C,h,i,l,d,r,e,n
M,a,q,u,i,a,:, ,W,h,e,n, ,t,h,e, ,P,r,o,m,i,s,e,d, ,F,l,o,w,e,r, ,B,l,o,o,m,s
I,l, ,S,o,r,p,a,s,s,o
G,r,e,e,n, ,B,o,o,k
V,i,o,l,e,t, ,E,v,e,r,g,a,r,d,e,n,:, ,E,t,e,r,n,i,t,y, ,a,n,d, ,t,h,e, ,A,u,t,o, ,M,e,m,o,r,y, ,D,o,l,l
I, ,W,a,n,t, ,t,o, ,E,a,t, ,Y,o,u,r, ,P,a,n,c,r,e,a,s
S,a,n,s,h,o, ,t,h,e, ,B,a,i,l,i,f,f
W,i,t,n,e,s,s, ,f,o,r, ,t,h,e, ,P,r,o,s,e,c,u,t,i,o,n
M,i,r,a,c,u,l,o,u,s, ,W,o,r,l,d,:, ,N,e,w, ,Y,o,r,k,",", ,U,n,i,t,e,d, ,H,e,r,o,e,Z
M,o,r,t,a,l, ,K,o,m,b,a,t, ,L,e,g,e,n,d,s,:, ,S,c,o,r,p,i,o,n,',s, ,R,e,v,e,n,g,e
N,e,w, ,G,o,d,s,:, ,N,e,z,h,a, ,R,e,b,o,r,n
S,t,a,l,k,e,r
8,½
T,h,e, ,K,i,d
T,h,e, ,A,p,a,r,t,m,e,n,t
B,o, ,B,u,r,n,h,a,m,:, ,I,n,s,i,d,e
C,o,c,o
T,h,e, ,S,h,i,n,i,n,g
D,o,c,t,o,r, ,W,h,o,:, ,T,h,e, ,D,a,y, ,o,f, ,t,h,e, ,D,o,c,t,o,r
A, ,C,l,o,c,k,w,o,r,k, ,O,r,a,n,g,e
T,h,e, ,S,e,v,e,n,t,h, ,S,e,a,l
I,n,v,e,s,t,i,g,a,t,i,o,n, ,o,f, ,a, ,C,i,t,i,z,e,n, ,A,b,o,v,e, ,S,u,s,p,i,c,i,o,n
V,e,r,t,i,g,o
T,h,e, ,H,a,t,e, ,U, ,G,i,v,e
C,h,i,l,d,r,e,n, ,o,f, ,P,a,r,a,d,i,s,e
P,o,r,t,r,a,i,t, ,o,f, ,a, ,L,a,d,y, ,o,n, ,F,i,r,e
I,n,g,l,o,u,r,i,o,u,s, ,B,a,s,t,e,r,d,s
A,l,o,n,g, ,w,i,t,h, ,t,h,e, ,G,o,d,s,:, ,T,h,e, ,L,a,s,t, ,4,9, ,D,a,y,s
C,a,l,l, ,M,e, ,b,y, ,Y,o,u,r, ,N,a,m,e
S,t,a,r, ,W,a,r,s
T,h,e, ,U,s,u,a,l, ,S,u,s,p,e,c,t,s
G,l,a,d,i,a,t,o,r
P,i,p,e,r
T,h,e, ,P,r,e,s,t,i,g,e
S,a,v,i,n,g, ,P,r,i,v,a,t,e, ,R,y,a,n
M,e,m,e,n,t,o
S,h,u,t,t,e,r, ,I,s,l,a,n,d
T,h,e, ,M,a,t,r,i,x
M,y, ,M,o,m, ,i,s, ,a, ,C,h,a,r,a,c,t,e,r, ,3
C,a,p,e,r,n,a,u,m
T,h,e, ,H,e,l,p
H,a,c,k,s,a,w, ,R,i,d,g,e
S,o,u,l
T,a,x,i, ,D,r,i,v,e,r
W,o,n,d,e,r
S,i,n,g,i,n,', ,i,n, ,t,h,e, ,R,a,i,n
M,e,t,r,o,p,o,l,i,s
Y,o,j,i,m,b,o
J,o,k,e,r
A,l,l, ,A,b,o,u,t, ,E,v,e
S,c,e,n,e,s, ,f,r,o,m, ,a, ,M,a,r,r,i,a,g,e
C,a,s,a,b,l,a,n,c,a
L,a, ,D,o,l,c,e, ,V,i,t,a
B,o, ,B,u,r,n,h,a,m,:, ,M,a,k,e, ,H,a,p,p,y
A,n,d,r,e,i, ,R,u,b,l,e,v
T,h,e, ,F,a,t,h,e,r
S,c,a,r,f,a,c,e
M,y, ,F,r,i,e,n,d,s
T,h,e, ,D,e,p,a,r,t,e,d
R,a,s,h,o,m,o,n
L,o,c,k,",", ,S,t,o,c,k, ,a,n,d, ,T,w,o, ,S,m,o,k,i,n,g, ,B,a,r,r,e,l,s
A,y,l,a,:, ,T,h,e, ,D,a,u,g,h,t,e,r, ,o,f, ,W,a,r
T,o,g,o
D,o,u,b,l,e, ,I,n,d,e,m,n,i,t,y
C,e,n,t,r,a,l, ,S,t,a,t,i,o,n
S,h,e,r,l,o,c,k, ,J,r,.
M,e, ,A,g,a,i,n,s,t, ,Y,o,u,:, ,M,r,., ,S,',s, ,V,e,n,d,e,t,t,a
O,u,t, ,o,f, ,t,h,e, ,C,l,e,a,r, ,B,l,u,e, ,S,k,y
N,o,b,o,d,y
R,e,s,e,r,v,o,i,r, ,D,o,g,s
D,j,a,n,g,o, ,U,n,c,h,a,i,n,e,d
F,a,r, ,F,r,o,m, ,t,h,e, ,T,r,e,e
T,h,e, ,G,r,e,a,t, ,W,a,r
C,r,u,e,l,l,a
F,u,l,l, ,M,e,t,a,l, ,J,a,c,k,e,t
G,o,o,d, ,W,i,l,l, ,H,u,n,t,i,n,g
S,o,m,e, ,L,i,k,e, ,I,t, ,H,o,t
D,r,., ,S,t,r,a,n,g,e,l,o,v,e, ,o,r,:, ,H,o,w, ,I, ,L,e,a,r,n,e,d, ,t,o, ,S,t,o,p, ,W,o,r,r,y,i,n,g, ,a,n,d, ,L,o,v,e, ,t,h,e, ,B,o,m,b
W,i,l,d, ,S,t,r,a,w,b,e,r,r,i,e,s
A,l,i,e,n
P,a,p,e,r, ,L,i,v,e,s
T,h,e, ,I,n,v,i,s,i,b,l,e, ,G,u,e,s,t
P,a,r,i,s,",", ,T,e,x,a,s
H,o,w, ,t,o, ,T,r,a,i,n, ,Y,o,u,r, ,D,r,a,g,o,n,:, ,H,o,m,e,c,o,m,i,n,g
D,e,r,s,u, ,U,z,a,l,a
P,a,t,h,e,r, ,P,a,n,c,h,a,l,i
T,h,e, ,T,a,l,e, ,o,f, ,T,h,e, ,P,r,i,n,c,e,s,s, ,K,a,g,u,y,a
A,n,n,e, ,o,f, ,G,r,e,e,n, ,G,a,b,l,e,s
H,a,r,r,y, ,P,o,t,t,e,r, ,a,n,d, ,t,h,e, ,D,e,a,t,h,l,y, ,H,a,l,l,o,w,s,:, ,P,a,r,t, ,2
M,i,c,h,a,e,l, ,J,a,c,k,s,o,n,',s, ,T,h,r,i,l,l,e,r
B,i,g, ,D,e,a,l, ,o,n, ,M,a,d,o,n,n,a, ,S,t,r,e,e,t
T,h,e, ,T,r,u,m,a,n, ,S,h,o,w
R,e,d, ,B,e,a,r,d
M
B,e,l,i,e,v,e, ,M,e,:, ,T,h,e, ,A,b,d,u,c,t,i,o,n, ,o,f, ,L,i,s,a, ,M,c,V,e,y
I,n, ,t,h,e, ,M,o,o,d, ,f,o,r, ,L,o,v,e
I,n,c,e,n,d,i,e,s
A, ,S,p,e,c,i,a,l, ,D,a,y
I, ,c,o,r,t,i
T,h,e,r,e, ,W,i,l,l, ,B,e, ,B,l,o,o,d
H,a,n,n,a,h, ,G,a,d,s,b,y,:, ,N,a,n,e,t,t,e
E,t,e,r,n,a,l, ,S,u,n,s,h,i,n,e, ,o,f, ,t,h,e, ,S,p,o,t,l,e,s,s, ,M,i,n,d
S,t,r,a,i,g,h,t, ,O,u,t,t,a, ,N,o,w,h,e,r,e,:, ,S,c,o,o,b,y,-,D,o,o,!, ,M,e,e,t,s, ,C,o,u,r,a,g,e, ,t,h,e, ,C,o,w,a,r,d,l,y, ,D,o,g
T,h,e, ,H,u,n,t
T,h,r,e,e, ,B,i,l,l,b,o,a,r,d,s, ,O,u,t,s,i,d,e, ,E,b,b,i,n,g,",", ,M,i,s,s,o,u,r,i
L,i,o,n
I,n, ,t,h,e, ,A,r,m,s, ,o,f, ,a,n, ,A,s,s,a,s,s,i,n
U,g,e,t,s,u
K,i,t,b,u,l,l
T,h,e, ,B,e,s,t, ,o,f, ,Y,o,u,t,h
T,o,t,o,",", ,P,e,p,p,i,n,o,",", ,a,n,d, ,t,h,e, ,H,u,s,s,y
T,h,e, ,P,a,s,s,i,o,n, ,o,f, ,J,o,a,n, ,o,f, ,A,r,c
T,h,e, ,4,0,0, ,B,l,o,w,s
S,c,o,o,b,y,-,D,o,o,!, ,a,n,d, ,K,i,s,s,:, ,R,o,c,k, ,a,n,d, ,R,o,l,l, ,M,y,s,t,e,r,y
L,a, ,H,a,i,n,e
L,o,v,e,",", ,S,i,m,o,n
D,a,s, ,B,o,o,t
P,r,i,d,e, ,&, ,P,r,e,j,u,d,i,c,e
T,h,e, ,E,l,e,p,h,a,n,t, ,M,a,n
M,i,r,r,o,r
A, ,T,a,x,i, ,D,r,i,v,e,r
S,i,l,e,n,c,e,d
R,a,n
2,0,0,1,:, ,A, ,S,p,a,c,e, ,O,d,y,s,s,e,y
J,o,j,o, ,R,a,b,b,i,t
B,o,u,n,d, ,b,y, ,H,o,n,o,r
T,e,r,m,i,n,a,t,o,r, ,2,:, ,J,u,d,g,m,e,n,t, ,D,a,y
D,o,c,t,o,r, ,W,h,o,:, ,T,h,e, ,T,i,m,e, ,o,f, ,t,h,e, ,D,o,c,t,o,r
R,o,c,c,o, ,a,n,d, ,H,i,s, ,B,r,o,t,h,e,r,s
M,y, ,N,e,i,g,h,b,o,r, ,T,o,t,o,r,o
T,h,e, ,R,e,d, ,S,h,o,e,s
L,a,t,e, ,S,p,r,i,n,g
N,i,g,h,t,s, ,o,f, ,C,a,b,i,r,i,a
M,e,m,o,r,i,e,s, ,o,f, ,M,u,r,d,e,r
R,o,n,',s, ,G,o,n,e, ,W,r,o,n,g
L,o,v,e, ,E,x,p,o,s,u,r,e
A, ,D,o,g,',s, ,J,o,u,r,n,e,y
L,o,v,i,n,g, ,V,i,n,c,e,n,t
W,A,L,L,·,E
H,i,d,d,e,n, ,F,i,g,u,r,e,s
P,r,i,s,o,n,e,r,s
E,l,i,t,e, ,S,q,u,a,d
C,o,o,l, ,K,i,d,s, ,D,o,n,',t, ,C,r,y
M,y, ,N,a,m,e, ,I,s, ,K,h,a,n
J,u,d,g,m,e,n,t, ,a,t, ,N,u,r,e,m,b,e,r,g
O,n, ,M,y, ,S,k,i,n
W,e,a,t,h,e,r,i,n,g, ,w,i,t,h, ,Y,o,u
F,i,n,c,h
R,o,o,m
T,h,e, ,G,r,a,n,d, ,B,u,d,a,p,e,s,t, ,H,o,t,e,l
P,o,v,e,r,t,y, ,a,n,d, ,N,o,b,i,l,i,t,y
S,i,n,g, ,2
G,i,f,t,e,d
S,p,i,d,e,r,-,M,a,n,:, ,N,o, ,W,a,y, ,H,o,m,e
I,n, ,a, ,H,e,a,r,t,b,e,a,t
A,l,o,n,g, ,w,i,t,h, ,t,h,e, ,G,o,d,s,:, ,T,h,e, ,T,w,o, ,W,o,r,l,d,s
T,h,e, ,L,i,v,e,s, ,o,f, ,O,t,h,e,r,s
A,l,l, ,M,y, ,L,i,f,e
T,h,e, ,S,t,i,n,g
T,o, ,K,i,l,l, ,a, ,M,o,c,k,i,n,g,b,i,r,d
T,h,e, ,W,a,g,e,s, ,o,f, ,F,e,a,r
W,i,s,h, ,D,r,a,g,o,n
I,n,n,o,c,e,n,t, ,V,o,i,c,e,s
T,h,e, ,C,i,r,c,u,s
C,h,u,n,g,k,i,n,g, ,E,x,p,r,e,s,s
T,h,e, ,G,e,n,e,r,a,l
T,h,e, ,S,e,c,o,n,d, ,M,o,t,h,e,r
P,r,a,y,e,r,s, ,f,o,r, ,B,o,b,b,y
F,o,r, ,a, ,F,e,w, ,D,o,l,l,a,r,s, ,M,o,r,e
S,o,n,g, ,o,f, ,t,h,e, ,S,e,a
I,n, ,T,h,i,s, ,C,o,r,n,e,r, ,o,f, ,t,h,e, ,W,o,r,l,d
T,h,e, ,Y,o,u,n,g, ,a,n,d, ,t,h,e, ,D,a,m,n,e,d
T,h,e, ,T,r,e,a,s,u,r,e, ,o,f, ,t,h,e, ,S,i,e,r,r,a, ,M,a,d,r,e
D,i,a,l, ,M, ,f,o,r, ,M,u,r,d,e,r
P,a,l,m,e,r
B,i,n,g,o,:, ,T,h,e, ,K,i,n,g, ,o,f, ,t,h,e, ,M,o,r,n,i,n,g,s
T,h,e, ,H,i,d,d,e,n, ,F,o,r,t,r,e,s,s
C,O,D,A
V,e,i,n,t,e,a,ñ,e,r,a,",", ,D,i,v,o,r,c,i,a,d,a, ,y, ,F,a,n,t,á,s,t,i,c,a
I,v,a,n, ,V,a,s,i,l,y,e,v,i,c,h, ,C,h,a,n,g,e,s, ,H,i,s, ,P,r,o,f,e,s,s,i,o,n
T,h,e, ,G,o,l,d, ,R,u,s,h
R,e,q,u,i,e,m, ,f,o,r, ,a, ,D,r,e,a,m
R,o,m,e,",", ,O,p,e,n, ,C,i,t,y
A,m,e,r,i,c,a,n, ,B,e,a,u,t,y
T,h,e, ,C,r,a,n,e,s, ,A,r,e, ,F,l,y,i,n,g
T,h,e, ,W,o,l,f, ,o,f, ,W,a,l,l, ,S,t,r,e,e,t
C,i,t,i,z,e,n, ,K,a,n,e
E,l, ,m,e,s,e,r,o
M,i,r,a,c,l,e, ,i,n, ,C,e,l,l, ,N,o,., ,7
T,h,e, ,D,e,e,r, ,H,u,n,t,e,r
A, ,M,a,n, ,E,s,c,a,p,e,d
N,o,b,o,d,y, ,K,n,o,w,s
A,m,a,d,e,u,s
T,h,e, ,B,o,y, ,a,n,d, ,t,h,e, ,B,e,a,s,t
N,o, ,M,a,n,c,h,e,s, ,F,r,i,d,a, ,2
W,h,e,r,e, ,H,a,n,d,s, ,T,o,u,c,h
A,u,t,u,m,n, ,S,o,n,a,t,a
H,a,r,r,y, ,P,o,t,t,e,r, ,a,n,d, ,t,h,e, ,P,r,i,s,o,n,e,r, ,o,f, ,A,z,k,a,b,a,n
T,h,e, ,T,h,i,n,g
B,o,h,e,m,i,a,n, ,R,h,a,p,s,o,d,y
O,n, ,t,h,e, ,W,a,t,e,r,f,r,o,n,t
T,h,e, ,I,m,i,t,a,t,i,o,n, ,G,a,m,e
L,i,k,e, ,S,t,a,r,s, ,o,n, ,E,a,r,t,h
C,a,s,i,n,o
B,e,l,l,e
T,h,e, ,M,i,t,c,h,e,l,l,s, ,v,s,., ,t,h,e, ,M,a,c,h,i,n,e,s
H,a,c,h,i,:, ,A, ,D,o,g,',s, ,T,a,l,e
P,i,n,k, ,F,l,o,y,d,:, ,T,h,e, ,W,a,l,l
T,h,e, ,W,a,y, ,H,e, ,L,o,o,k,s
T,h,e, ,S,e,c,r,e,t, ,i,n, ,T,h,e,i,r, ,E,y,e,s
T,a,e, ,G,u,k, ,G,i,:, ,T,h,e, ,B,r,o,t,h,e,r,h,o,o,d, ,o,f, ,W,a,r
F,o,r,g,o,t,t,e,n
G,o,n,e, ,w,i,t,h, ,t,h,e, ,W,i,n,d
A, ,W,h,i,s,k,e,r, ,A,w,a,y
P,a,p,e,r,m,a,n
G,r,a,n, ,T,o,r,i,n,o
B,a,r,r,y, ,L,y,n,d,o,n
L,a, ,N,o,t,t,e
F,o,r,d, ,v, ,F,e,r,r,a,r,i
S,a,n,j,u,r,o
W,h,e,n, ,M,a,r,n,i,e, ,W,a,s, ,T,h,e,r,e
N,o,r,t,h, ,b,y, ,N,o,r,t,h,w,e,s,t
D,a,n,g,a,l
M,y, ,W,a,y
S,c,o,o,b,y,-,D,o,o,!, ,a,n,d, ,t,h,e, ,C,u,r,s,e, ,o,f, ,t,h,e, ,1,3,t,h, ,G,h,o,s,t
R,o,p,e
R,a,g,i,n,g, ,B,u,l,l
T,h,e, ,T,h,i,r,d, ,M,a,n
O,p,e,r,a,t,i,o,n, ,Y, ,a,n,d, ,O,t,h,e,r, ,S,h,u,r,i,k,',s, ,A,d,v,e,n,t,u,r,e,s
T,h,e, ,E,x,t,e,r,m,i,n,a,t,i,n,g, ,A,n,g,e,l
T,h,e, ,S,h,o,p, ,A,r,o,u,n,d, ,t,h,e, ,C,o,r,n,e,r
C,a,s,t,a,w,a,y, ,o,n, ,t,h,e, ,M,o,o,n
L,i,m,e,l,i,g,h,t
R,a,y,a, ,a,n,d, ,t,h,e, ,L,a,s,t, ,D,r,a,g,o,n
I,n,n,e,r, ,W,o,r,k,i,n,g,s
C,r,i,e,s, ,a,n,d, ,W,h,i,s,p,e,r,s
R,e,m,i,",", ,N,o,b,o,d,y,',s, ,B,o,y
B,a,t,m,a,n,:, ,T,h,e, ,D,a,r,k, ,K,n,i,g,h,t, ,R,e,t,u,r,n,s,",", ,P,a,r,t, ,2
W,o,r,d,s, ,o,n, ,B,a,t,h,r,o,o,m, ,W,a,l,l,s
A,r,m,y, ,o,f, ,S,h,a,d,o,w,s
A,n, ,E,g,g, ,R,e,s,c,u,e
B,a,d, ,G,e,n,i,u,s
3, ,I,d,i,o,t,s
T,r,a,i,n,s,p,o,t,t,i,n,g
1,9,1,7
L,a,w,r,e,n,c,e, ,o,f, ,A,r,a,b,i,a
I,t,',s, ,S,u,c,h, ,a, ,B,e,a,u,t,i,f,u,l, ,D,a,y
C,a,s,t,l,e, ,i,n, ,t,h,e, ,S,k,y
S,c,o,o,b,y,-,D,o,o,!, ,C,a,m,p, ,S,c,a,r,e
D,i,v,o,r,c,e, ,I,t,a,l,i,a,n, ,S,t,y,l,e
L,a, ,S,t,r,a,d,a
K,i,l,l, ,B,i,l,l,:, ,V,o,l,., ,1
T,h,r,e,e, ,M,e,n, ,a,n,d, ,a, ,L,e,g
A, ,T,r,i,p, ,t,o, ,t,h,e, ,M,o,o,n
T,h,r,e,e, ,C,o,l,o,r,s,:, ,R,e,d
G,i,r,l, ,i,n, ,t,h,e, ,B,a,s,e,m,e,n,t
W,h,a,t, ,E,v,e,r, ,H,a,p,p,e,n,e,d, ,t,o, ,B,a,b,y, ,J,a,n,e,?
R,a,i,s,e, ,t,h,e, ,R,e,d, ,L,a,n,t,e,r,n
T,o,y, ,S,t,o,r,y
T,h,e, ,B,a,t,t,l,e, ,o,f, ,A,l,g,i,e,r,s
T,h,r,o,n,e, ,o,f, ,B,l,o,o,d
M,i,l,l,i,o,n, ,D,o,l,l,a,r, ,B,a,b,y
M,y, ,F,a,t,h,e,r,',s, ,V,i,o,l,i,n
K,i,l,l, ,B,i,l,l,:, ,T,h,e, ,W,h,o,l,e, ,B,l,o,o,d,y, ,A,f,f,a,i,r
M,y, ,H,e,r,o, ,A,c,a,d,e,m,i,a,:, ,T,w,o, ,H,e,r,o,e,s
T,h,e, ,C,a,m,e,r,a,m,a,n
B,e,f,o,r,e, ,S,u,n,r,i,s,e
C,h,i,l,d,r,e,n, ,o,f, ,H,e,a,v,e,n
W,h,e,r,e, ,I,s, ,M,y, ,F,r,i,e,n,d,',s, ,H,o,u,s,e,?
T,h,e, ,T,o,m,o,r,r,o,w, ,W,a,r
T,h,e, ,C,a,b,i,n,e,t, ,o,f, ,D,r,., ,C,a,l,i,g,a,r,i
A,k,i,r,a
A,m,a,r,c,o,r,d
C,a,t,c,h, ,M,e, ,I,f, ,Y,o,u, ,C,a,n
1,2, ,Y,e,a,r,s, ,a, ,S,l,a,v,e
L,a, ,M,a,i,s,o,n, ,e,n, ,P,e,t,i,t,s, ,C,u,b,e,s
T,h,e, ,P,o,s,t,m,a,n
T,h,e, ,G,r,e,a,t, ,E,s,c,a,p,e
C,l,o,s,e, ,t,o, ,t,h,e, ,H,o,r,i,z,o,n
U,s, ,A,g,a,i,n
F,l,i,p,p,e,d
I,n,v,i,s,i,b,l,e, ,L,i,f,e
D,a,l,l,a,s, ,B,u,y,e,r,s, ,C,l,u,b
T,h,e, ,B,l,a,c,k, ,P,h,o,n,e
T,h,e, ,B,o,y, ,W,h,o, ,H,a,r,n,e,s,s,e,d, ,t,h,e, ,W,i,n,d
T,h,e, ,S,i,x,t,h, ,S,e,n,s,e
J,u,s,t, ,M,e,r,c,y
T,e,l, ,c,h,i, ,e,l, ,t,e,l,ù,n
U,p
T,e,e,n, ,T,i,t,a,n,s, ,G,o,!, ,v,s,., ,T,e,e,n, ,T,i,t,a,n,s
C,h,a,r,m, ,C,i,t,y, ,K,i,n,g,s
T,h,e, ,G,r,e,a,t,e,s,t, ,S,h,o,w,m,a,n
G,h,o,s,t, ,i,n, ,t,h,e, ,S,h,e,l,l
M,r,., ,S,m,i,t,h, ,G,o,e,s, ,t,o, ,W,a,s,h,i,n,g,t,o,n
R,e,b,e,c,c,a
V,i,n,c,e,n,t
U,n,f,o,r,g,i,v,e,n
T,h,e, ,B,r,e,a,d,w,i,n,n,e,r
L,a, ,G,r,a,n,d,e, ,V,a,d,r,o,u,i,l,l,e
Y,o,u,n,g, ,F,r,a,n,k,e,n,s,t,e,i,n
L,u,c,a
C,a,p,t,a,i,n, ,F,a,n,t,a,s,t,i,c
F,r,e,e,d,o,m, ,W,r,i,t,e,r,s
I,n,s,i,d,e, ,O,u,t
O,r,d,e,t
A,c,e, ,i,n, ,t,h,e, ,H,o,l,e
T,w,o, ,W,o,m,e,n
P,e,r,s,e,p,o,l,i,s
B,r,a,v,e,h,e,a,r,t
B,l,a,d,e, ,R,u,n,n,e,r
C,o,u,s,i,n,s
M,u,l,a,n
N,o, ,C,o,u,n,t,r,y, ,f,o,r, ,O,l,d, ,M,e,n
L,a, ,J,e,t,é,e
M,y, ,L,i,t,t,l,e, ,P,o,n,y,:, ,A, ,N,e,w, ,G,e,n,e,r,a,t,i,o,n
C,h,i,n,a,t,o,w,n
J,u,r,a,s,s,i,c, ,P,a,r,k
A, ,S,e,p,a,r,a,t,i,o,n
N,a,u,s,i,c,a,ä, ,o,f, ,t,h,e, ,V,a,l,l,e,y, ,o,f, ,t,h,e, ,W,i,n,d
R,a,i,d,e,r,s, ,o,f, ,t,h,e, ,L,o,s,t, ,A,r,k
T,o, ,L,i,v,e
F,a,u,s,t
W,h,i,s,p,e,r, ,o,f, ,t,h,e, ,H,e,a,r,t
N,e, ,Z,h,a
L,i,t,t,l,e, ,W,o,m,e,n
T,h,e, ,I,r,o,n, ,G,i,a,n,t
I,n, ,t,h,e, ,N,a,m,e, ,o,f, ,t,h,e, ,F,a,t,h,e,r
H,a,r,r,y, ,P,o,t,t,e,r, ,a,n,d, ,t,h,e, ,P,h,i,l,o,s,o,p,h,e,r,',s, ,S,t,o,n,e
J,u,s,t,i,c,e, ,L,e,a,g,u,e,:, ,T,h,e, ,F,l,a,s,h,p,o,i,n,t, ,P,a,r,a,d,o,x
M,a,m,m,a, ,R,o,m,a
Z
A,l,i,e,n,s
S,u,n,r,i,s,e,:, ,A, ,S,o,n,g, ,o,f, ,T,w,o, ,H,u,m,a,n,s
L,o,u,i,s, ,C,.,K,.,:, ,H,i,l,a,r,i,o,u,s
1,9,0,0
T,h,e, ,N,i,g,h,t, ,o,f, ,t,h,e, ,H,u,n,t,e,r
A,b,o,u,t, ,T,i,m,e
T,o, ,B,e, ,o,r, ,N,o,t, ,t,o, ,B,e
G,u,a,r,d,i,a,n,s, ,o,f, ,t,h,e, ,G,a,l,a,x,y
W,i,n,t,e,r, ,L,i,g,h,t
R,e,t,u,r,n, ,o,f, ,t,h,e, ,J,e,d,i
A,m,é,l,i,e
M,i,n,h,a, ,V,i,d,a, ,e,m, ,M,a,r,t,e
S,i,n,g, ,S,t,r,e,e,t
T,h,e, ,P,u,r,s,u,i,t, ,o,f, ,H,a,p,p,y,n,e,s,s
L,e,t,t,e,r, ,f,r,o,m, ,a,n, ,U,n,k,n,o,w,n, ,W,o,m,a,n
R,o,m,a,n, ,H,o,l,i,d,a,y
Y,o,u,',v,e, ,G,o,t, ,T,h,i,s
T,h,e, ,W,o,r,k,i,n,g, ,C,l,a,s,s, ,G,o,e,s, ,t,o, ,H,e,a,v,e,n
I,v,a,n,',s, ,C,h,i,l,d,h,o,o,d
T,h,e, ,S,p,e,c,i,a,l,s
Y,i, ,Y,i
I,t, ,H,a,p,p,e,n,e,d, ,O,n,e, ,N,i,g,h,t
D,a,n,c,e,r, ,i,n, ,t,h,e, ,D,a,r,k
L,a, ,l,u,n,a
H,e,a,t
V, ,f,o,r, ,V,e,n,d,e,t,t,a
R,i,o, ,B,r,a,v,o
S,h,e,r,l,o,c,k,:, ,T,h,e, ,A,b,o,m,i,n,a,b,l,e, ,B,r,i,d,e
S,c,o,o,b,y,-,D,o,o,!, ,a,n,d, ,t,h,e, ,S,a,m,u,r,a,i, ,S,w,o,r,d
T,o,k,y,o, ,G,o,d,f,a,t,h,e,r,s
W,h,i,p,l,a,s,h
B,a,j,r,a,n,g,i, ,B,h,a,i,j,a,a,n
M,e, ,B,e,f,o,r,e, ,Y,o,u
A, ,S,t,r,e,e,t, ,C,a,t, ,N,a,m,e,d, ,B,o,b
N,o,s,t,a,l,g,i,a
T,h,e, ,C,u,r,e
F,a,r,e,w,e,l,l, ,M,y, ,C,o,n,c,u,b,i,n,e
M,i,r,a,c,u,l,o,u,s, ,W,o,r,l,d,:, ,S,h,a,n,g,h,a,i, ,–, ,T,h,e, ,L,e,g,e,n,d, ,o,f, ,L,a,d,y,d,r,a,g,o,n
G,o,n,e, ,G,i,r,l
T,h,e, ,S,e,v,e,n, ,D,e,a,d,l,y, ,S,i,n,s,:, ,C,u,r,s,e,d, ,b,y, ,L,i,g,h,t
A, ,F,i,s,t,f,u,l, ,o,f, ,D,o,l,l,a,r,s
M,o,n,s,i,e,u,r, ,V,e,r,d,o,u,x
D,a,y, ,f,o,r, ,N,i,g,h,t
P,a,p,e,r, ,M,o,o,n
D,i,a,b,o,l,i,q,u,e
A,l,w,a,y,s
S,e,e, ,Y,o,u, ,U,p, ,T,h,e,r,e
L,a, ,L,a, ,L,a,n,d
T,a,m,p,o,p,o
W,o,r,l,d, ,o,f, ,T,o,m,o,r,r,o,w
T,h,e, ,D,i,a,m,o,n,d, ,A,r,m
P,e,r,f,e,c,t, ,S,t,r,a,n,g,e,r,s
D,e,p,a,r,t,u,r,e,s
F,a,r,g,o
T,h,e, ,N,o,t,e,b,o,o,k
S,o,l,a,r,i,s
K,i,l,l, ,B,i,l,l,:, ,V,o,l,., ,2
T,h,e, ,T,h,e,o,r,y, ,o,f, ,E,v,e,r,y,t,h,i,n,g
U,m,b,e,r,t,o, ,D,.
S,h,o,p,l,i,f,t,e,r,s
T,i,t,a,n,i,c
S,a,f,e,t,y, ,L,a,s,t,!
J,o,i,n,t, ,S,e,c,u,r,i,t,y, ,A,r,e,a
L,e, ,S,a,m,o,u,r,a,ï
E,v,a,n,g,e,l,i,o,n,:, ,2,.,0, ,Y,o,u, ,C,a,n, ,(,N,o,t,), ,A,d,v,a,n,c,e
R,i,f,i,f,i
D,u,n,e
N,e,t,w,o,r,k
T,h,e, ,M,i,r,a,c,l,e, ,W,o,r,k,e,r
S,t,a,n,d, ,b,y, ,M,e
A, ,B,a,g, ,o,f, ,M,a,r,b,l,e,s
A,n,a,t,o,m,y, ,o,f, ,a, ,M,u,r,d,e,r
W,e,r,c,k,m,e,i,s,t,e,r, ,H,a,r,m,o,n,i,e,s
I,s,l,e, ,o,f, ,D,o,g,s
H,e,r
M,i,l,l,e,n,n,i,u,m, ,A,c,t,r,e,s,s
R,u,r,o,u,n,i, ,K,e,n,s,h,i,n,:, ,T,h,e, ,F,i,n,a,l
F,e,a,s,t
H,u,s,t,l,e
C,i,n,d,y, ,L,a, ,R,e,g,i,a
N,o, ,G,a,m,e, ,N,o, ,L,i,f,e,:, ,Z,e,r,o
H,i,r,o,s,h,i,m,a, ,M,o,n, ,A,m,o,u,r
K,n,i,v,e,s, ,O,u,t
D,r,i,s,h,y,a,m
P,a,p,i,l,l,o,n
W,e, ,B,a,r,e, ,B,e,a,r,s,:, ,T,h,e, ,M,o,v,i,e
K,i,n,g, ,R,i,c,h,a,r,d
T,h,r,o,u,g,h, ,a, ,G,l,a,s,s, ,D,a,r,k,l,y
M,u,l,h,o,l,l,a,n,d, ,D,r,.
K,a,g,e,m,u,s,h,a
W,e, ,A,r,e, ,t,h,e, ,N,o,b,l,e,s
D,a,n,c,e,s, ,w,i,t,h, ,W,o,l,v,e,s
T,h,e, ,N,o,r,m,a,l, ,H,e,a,r,t
M,a,r,y, ,a,n,d, ,M,a,x
T,h,e, ,B,o,y, ,i,n, ,t,h,e, ,S,t,r,i,p,e,d, ,P,y,j,a,m,a,s
A, ,B,e,a,u,t,i,f,u,l, ,M,i,n,d
P,o,l,i,s,s,e
T,h,e, ,O,x,-,B,o,w, ,I,n,c,i,d,e,n,t
E,l,i,t,e, ,S,q,u,a,d,:, ,T,h,e, ,E,n,e,m,y, ,W,i,t,h,i,n
M,r,., ,N,o,b,o,d,y
B,e,n,-,H,u,r
T,h,e, ,G,r,a,p,e,s, ,o,f, ,W,r,a,t,h
A,n,o,n,y,m,o,u,s,l,y, ,Y,o,u,r,s
W,i,l,d, ,T,a,l,e,s
V,i,v,r,e, ,S,a, ,V,i,e
G,r,a,n,d, ,I,l,l,u,s,i,o,n
W,i,n,g,s, ,o,f, ,D,e,s,i,r,e
T,h,e, ,B,i,g, ,L,e,b,o,w,s,k,i
T,h,e, ,M,a,r,q,u,i,s, ,o,f, ,G,r,i,l,l,o
P,a,r,t,l,y, ,C,l,o,u,d,y
I,n,t,e,r,s,t,e,l,l,a, ,5,5,5,5,:, ,T,h,e, ,5,t,o,r,y, ,o,f, ,t,h,e, ,5,e,c,r,e,t, ,5,t,a,r, ,5,y,s,t,e,m
W,a,r,r,i,o,r
D,o,n,',t, ,B,e, ,B,a,d
T,h,e, ,B,e,s,t, ,O,f,f,e,r
T,h,e, ,P,h,a,n,t,o,m, ,C,a,r,r,i,a,g,e
K,i,k,i,',s, ,D,e,l,i,v,e,r,y, ,S,e,r,v,i,c,e
C,a,r,l,i,t,o,',s, ,W,a,y
K,a,b,h,i, ,K,h,u,s,h,i, ,K,a,b,h,i,e, ,G,h,a,m
A,n, ,A,u,t,u,m,n, ,A,f,t,e,r,n,o,o,n
T,h,e, ,N,i,g,h,t,m,a,r,e, ,B,e,f,o,r,e, ,C,h,r,i,s,t,m,a,s
J,u,j,u,t,s,u, ,K,a,i,s,e,n, ,0
D,r,a,g,o,n, ,B,a,l,l, ,S,u,p,e,r,:, ,B,r,o,l,y
L,o,v,e,",", ,R,o,s,i,e
M,u,l,h,o,l,l,a,n,d, ,D,r,i,v,e
T,h,e, ,B,e,s,t, ,Y,e,a,r,s, ,o,f, ,O,u,r, ,L,i,v,e,s
R,e,g,u,l,a,r, ,S,h,o,w,:, ,T,h,e, ,M,o,v,i,e
T,h,e, ,L,a,s,t,:, ,N,a,r,u,t,o, ,t,h,e, ,M,o,v,i,e
F,o,r,b,i,d,d,e,n, ,G,a,m,e,s
S,p,r,i,n,g,",", ,S,u,m,m,e,r,",", ,F,a,l,l,",", ,W,i,n,t,e,r,.,.,., ,a,n,d, ,S,p,r,i,n,g
T,h,e, ,H,e,i,s,t, ,o,f, ,t,h,e, ,C,e,n,t,u,r,y
C,r,o,o,k,s, ,i,n, ,C,l,o,v,e,r
A, ,M,o,m,e,n,t, ,t,o, ,R,e,m,e,m,b,e,r
M,o,r,t,a,l, ,K,o,m,b,a,t, ,L,e,g,e,n,d,s,:, ,B,a,t,t,l,e, ,o,f, ,t,h,e, ,R,e,a,l,m,s
L,',E,c,l,i,s,s,e
D,o,w,n,f,a,l,l
F,r,e,a,k,s
T,h,e, ,V,i,r,g,i,n, ,S,p,r,i,n,g
L,a,n,d, ,o,f, ,M,i,n,e
A, ,S,h,o,r,t, ,F,i,l,m, ,A,b,o,u,t, ,L,o,v,e
I,n,d,i,a,n,a, ,J,o,n,e,s, ,a,n,d, ,t,h,e, ,L,a,s,t, ,C,r,u,s,a,d,e
T,h,e, ,L,a,s,t, ,L,a,u,g,h
F,i,n,d,i,n,g, ,N,e,m,o
D,o,g, ,D,a,y, ,A,f,t,e,r,n,o,o,n
R,o,s,e,m,a,r,y,',s, ,B,a,b,y
M,o,n,s,t,e,r,s,",", ,I,n,c,.
I,n,f,e,r,n,a,l, ,A,f,f,a,i,r,s
I,n,t,o, ,t,h,e, ,W,i,l,d
T,h,e, ,B,r,i,d,g,e, ,o,n, ,t,h,e, ,R,i,v,e,r, ,K,w,a,i
H,a,r,r,y, ,P,o,t,t,e,r, ,a,n,d, ,t,h,e, ,G,o,b,l,e,t, ,o,f, ,F,i,r,e
W,h,o,',s, ,A,f,r,a,i,d, ,o,f, ,V,i,r,g,i,n,i,a, ,W,o,o,l,f,?
B,a,c,u,r,a,u
F,a,i,l, ,S,a,f,e
T,h,e, ,V,a,l,e,t
B,e,f,o,r,e, ,S,u,n,s,e,t
S,p,o,t,l,i,g,h,t
W,h,i,t,e, ,C,o,l,l,a,r, ,B,l,u,e,s
I,n,h,e,r,i,t, ,t,h,e, ,W,i,n,d
3,-,I,r,o,n
G,o,n,e, ,M,o,m,:, ,T,h,e, ,D,i,s,a,p,p,e,a,r,a,n,c,e, ,o,f, ,J,e,n,n,i,f,e,r, ,D,u,l,o,s
B,r,o,k,e,b,a,c,k, ,M,o,u,n,t,a,i,n
L,o,g,a,n
D,e,s,c,e,n,d,a,n,t,s, ,3
A, ,W,o,m,a,n, ,U,n,d,e,r, ,t,h,e, ,I,n,f,l,u,e,n,c,e
M,o,n,t,y, ,P,y,t,h,o,n, ,a,n,d, ,t,h,e, ,H,o,l,y, ,G,r,a,i,l
M,y, ,L,i,f,e, ,a,s, ,a, ,Z,u,c,c,h,i,n,i
N,e,v,e,r, ,L,o,o,k, ,A,w,a,y
M,i,d,n,i,g,h,t, ,S,u,n
R,i,c,h, ,i,n, ,L,o,v,e
G,o,d,',s, ,O,w,n, ,C,o,u,n,t,r,y
N,o, ,M,a,n,c,h,e,s, ,F,r,i,d,a
G,i,f,t,e,d, ,H,a,n,d,s,:, ,T,h,e, ,B,e,n, ,C,a,r,s,o,n, ,S,t,o,r,y
M,a,n,h,a,t,t,a,n
F,a,b,r,i,c,a,t,e,d, ,C,i,t,y
F,a,n,n,y, ,a,n,d, ,A,l,e,x,a,n,d,e,r
D,e,e,p, ,R,e,d
N,o,t,o,r,i,o,u,s
W,a,r, ,R,o,o,m
P,r,e,s,t,o
S,n,a,t,c,h
C,o,n,s,t,a,n,t,i,n,e,:, ,C,i,t,y, ,o,f, ,D,e,m,o,n,s, ,-, ,T,h,e, ,M,o,v,i,e
T,h,e,y, ,S,h,o,o,t, ,H,o,r,s,e,s,",", ,D,o,n,',t, ,T,h,e,y,?
T,o,y, ,S,t,o,r,y, ,3
H,o,w, ,t,o, ,T,r,a,i,n, ,Y,o,u,r, ,D,r,a,g,o,n
T,o,u,c,h, ,o,f, ,E,v,i,l
T,r,o,l,l,h,u,n,t,e,r,s,:, ,R,i,s,e, ,o,f, ,t,h,e, ,T,i,t,a,n,s
L,i,s,b,e,l,a, ,a,n,d, ,t,h,e, ,P,r,i,s,o,n,e,r
S,h,e,l,t,e,r
T,h,e, ,K,i,n,g, ,o,f, ,C,o,m,e,d,y
D,o,n,n,i,e, ,D,a,r,k,o
T,h,e, ,K,i,s,s,i,n,g, ,B,o,o,t,h, ,2
M,a,u,d,i,e
T,h,e, ,W,i,n,d, ,R,i,s,e,s
D,o, ,t,h,e, ,R,i,g,h,t, ,T,h,i,n,g
A,l,l, ,Q,u,i,e,t, ,o,n, ,t,h,e, ,W,e,s,t,e,r,n, ,F,r,o,n,t
T,h,e, ,C,h,a,s,e,r
D,o,g,v,i,l,l,e
C,o,r,a,l,i,n,e
M,u,s,t,a,n,g
E,r,n,e,s,t, ,&, ,C,e,l,e,s,t,i,n,e
T,h,e, ,M,a,n, ,W,h,o, ,S,h,o,t, ,L,i,b,e,r,t,y, ,V,a,l,a,n,c,e
W,h,i,t,e, ,S,n,a,k,e
S,t,r,a,i,g,h,t, ,O,u,t,t,a, ,C,o,m,p,t,o,n
B,a,c,k, ,t,o, ,t,h,e, ,O,u,t,b,a,c,k
B,a,d, ,S,e,e,d,s
P,a,p,r,i,k,a
B,r,i,e,f, ,E,n,c,o,u,n,t,e,r
I,f, ,A,n,y,t,h,i,n,g, ,H,a,p,p,e,n,s, ,I, ,L,o,v,e, ,Y,o,u
M,a,r,r,i,a,g,e, ,I,t,a,l,i,a,n, ,S,t,y,l,e
T,h,e, ,K,i,n,g, ,a,n,d, ,t,h,e, ,M,o,c,k,i,n,g,b,i,r,d
I, ,D,o,n,',t, ,W,a,n,t, ,t,o, ,G,o, ,B,a,c,k, ,A,l,o,n,e
I, ,S,a,w, ,t,h,e, ,D,e,v,i,l
T,e,e,n, ,T,i,t,a,n,s,:, ,T,r,o,u,b,l,e, ,i,n, ,T,o,k,y,o
K,i,z,u,m,o,n,o,g,a,t,a,r,i, ,P,a,r,t, ,1,:, ,T,e,k,k,e,t,s,u
S,h,o,r,t, ,T,e,r,m, ,1,2
P,l,a,y,T,i,m,e
A,n,n,i,e, ,H,a,l,l
T,h,e, ,B,a,d, ,G,u,y,s
t,i,c,k,",", ,t,i,c,k,.,.,., ,B,O,O,M,!
A,n,g,e,l,',s, ,E,g,g
B,a,t,m,a,n,:, ,U,n,d,e,r, ,t,h,e, ,R,e,d, ,H,o,o,d
T,h,e, ,C,o,l,o,r, ,P,u,r,p,l,e
O,n,e, ,H,u,n,d,r,e,d, ,S,t,e,p,s
P,r,i,d,e
A, ,M,a,t,t,e,r, ,o,f, ,L,i,f,e, ,a,n,d, ,D,e,a,t,h
N,o,t,h,i,n,g, ,L,e,f,t, ,t,o, ,D,o, ,b,u,t, ,C,r,y
L,.,A,., ,C,o,n,f,i,d,e,n,t,i,a,l
R,a,t,a,t,o,u,i,l,l,e
T,h,e, ,T,w,i,l,i,g,h,t, ,S,a,m,u,r,a,i
H,a,r,r,y, ,P,o,t,t,e,r, ,a,n,d, ,t,h,e, ,D,e,a,t,h,l,y, ,H,a,l,l,o,w,s,:, ,P,a,r,t, ,1
K,-,1,2
T,h,e, ,C,h,i,l,d,r,e,n,',s, ,H,o,u,r
P,i,r,a,t,e,s, ,o,f, ,t,h,e, ,C,a,r,i,b,b,e,a,n,:, ,T,h,e, ,C,u,r,s,e, ,o,f, ,t,h,e, ,B,l,a,c,k, ,P,e,a,r,l
T,h,e, ,P,e,r,k,s, ,o,f, ,B,e,i,n,g, ,a, ,W,a,l,l,f,l,o,w,e,r
E,l,v,i,s
D,o,c,t,o,r, ,W,h,o,:, ,L,a,s,t, ,C,h,r,i,s,t,m,a,s
S,e,l,e,n,a
A, ,B,r,o,n,x, ,T,a,l,e
O,n,w,a,r,d
N,i,n,j,a, ,S,c,r,o,l,l
R,u,r,o,u,n,i, ,K,e,n,s,h,i,n,:, ,T,h,e, ,B,e,g,i,n,n,i,n,g
H,o,w, ,t,o, ,T,r,a,i,n, ,Y,o,u,r, ,D,r,a,g,o,n,:, ,T,h,e, ,H,i,d,d,e,n, ,W,o,r,l,d
N,i,n,e, ,Q,u,e,e,n,s
T,h,e, ,G,i,r,l, ,W,h,o, ,L,e,a,p,t, ,T,h,r,o,u,g,h, ,T,i,m,e
P,o,r,c,o, ,R,o,s,s,o
R,o,c,k,y
T,h,e, ,U,n,t,o,u,c,h,a,b,l,e,s
T,h,e, ,W,i,t,c,h,:, ,P,a,r,t, ,1,., ,T,h,e, ,S,u,b,v,e,r,s,i,o,n
M,a,r,r,i,a,g,e, ,S,t,o,r,y
T,h,e, ,M,a,l,t,e,s,e, ,F,a,l,c,o,n
B,i,g, ,F,i,s,h
H,o,l,d,i,n,g, ,t,h,e, ,M,a,n
R,u,r,o,u,n,i, ,K,e,n,s,h,i,n, ,P,a,r,t, ,I,I,I,:, ,T,h,e, ,L,e,g,e,n,d, ,E,n,d,s
T,h,e, ,D,a,r,k, ,K,n,i,g,h,t, ,R,i,s,e,s
T,e,m,p,l,e, ,G,r,a,n,d,i,n
L,i,f,e, ,o,f, ,B,r,i,a,n
T,r,a,i,n, ,t,o, ,B,u,s,a,n
T,h,r,e,e, ,S,t,e,p,s, ,A,b,o,v,e, ,H,e,a,v,e,n
F,a,n,t,a,s,t,i,c, ,M,r,., ,F,o,x
T,h,e, ,B,r,e,a,k,f,a,s,t, ,C,l,u,b
W,a,r, ,o,f, ,L,i,k,e,s
B,a,t,m,a,n,:, ,T,h,e, ,D,a,r,k, ,K,n,i,g,h,t, ,R,e,t,u,r,n,s,",", ,P,a,r,t, ,1
A,m,o,u,r
C,o,o,l, ,H,a,n,d, ,L,u,k,e
M,e,s,h,e,s, ,o,f, ,t,h,e, ,A,f,t,e,r,n,o,o,n
R,e,d, ,S,h,o,e,s, ,a,n,d, ,t,h,e, ,S,e,v,e,n, ,D,w,a,r,f,s
B,P,M, ,(,B,e,a,t,s, ,p,e,r, ,M,i,n,u,t,e,)
G,o,d,z,i,l,l,a, ,v,s,., ,K,o,n,g
D,i,v,i,n,e,s
D,a,y, ,&, ,N,i,g,h,t
A,w,a,k,e,n,i,n,g,s
T,h,e, ,D,i,n,n,e,r, ,G,a,m,e
S,t,a,l,a,g, ,1,7
T,h,e, ,T,r,i,a,l, ,o,f, ,t,h,e, ,C,h,i,c,a,g,o, ,7
T,h,e, ,B,a,t,m,a,n
M,o,t,h,e,r
F,i,d,d,l,e,r, ,o,n, ,t,h,e, ,R,o,o,f
R,a,i,n, ,M,a,n
Z,-,O,-,M,-,B,-,I,-,E,-,S, ,2
O,n,i,b,a,b,a
S,o,u,n,d, ,o,f, ,M,e,t,a,l
D,u,c,k,",", ,Y,o,u, ,S,u,c,k,e,r
C,o,r,p,u,s, ,C,h,r,i,s,t,i
E,l, ,I,n,f,i,e,r,n,o
I,',m, ,N,o, ,L,o,n,g,e,r, ,H,e,r,e
T,h,e, ,H,u,s,t,l,e,r
D,i,e, ,H,a,r,d
I,",", ,D,a,n,i,e,l, ,B,l,a,k,e
M,y, ,M,o,m, ,i,s, ,a, ,C,h,a,r,a,c,t,e,r
G,e,r,i,',s, ,G,a,m,e
A,c,c,a,t,t,o,n,e
T,h,e, ,C,e,l,e,b,r,a,t,i,o,n
T,h,e, ,T,u,r,i,n, ,H,o,r,s,e
T,h,e, ,S,e,a,r,c,h,e,r,s
T,h,e, ,B,l,u,e,s, ,B,r,o,t,h,e,r,s
B,i,g, ,H,e,r,o, ,6
A, ,W,a,l,k, ,t,o, ,R,e,m,e,m,b,e,r
M,i,s,e,r,y
P,l,a,t,o,o,n
M,y,s,t,i,c, ,R,i,v,e,r
T,w,o, ,I,s, ,a, ,F,a,m,i,l,y
Z,o,o,t,o,p,i,a
P,a,n,',s, ,L,a,b,y,r,i,n,t,h
A,l,i,:, ,F,e,a,r, ,E,a,t,s, ,t,h,e, ,S,o,u,l
I,p, ,M,a,n
S,w,o,r,d, ,A,r,t, ,O,n,l,i,n,e,:, ,T,h,e, ,M,o,v,i,e, ,–, ,O,r,d,i,n,a,l, ,S,c,a,l,e
B,a,c,k, ,t,o, ,t,h,e, ,F,u,t,u,r,e, ,P,a,r,t, ,I,I
R,i,c,k,y, ,G,e,r,v,a,i,s,:, ,H,u,m,a,n,i,t,y
T,h,e, ,S,h,a,d,o,w, ,i,n, ,M,y, ,E,y,e
T,o,d,@,s, ,C,a,e,n
K,w,a,i,d,a,n
T,h,e, ,T,e,n, ,C,o,m,m,a,n,d,m,e,n,t,s
S,t,i,l,l, ,W,a,l,k,i,n,g
T,i,m,e, ,o,f, ,t,h,e, ,G,y,p,s,i,e,s
B,a,r,b,i,e, ,i,n, ,T,h,e, ,1,2, ,D,a,n,c,i,n,g, ,P,r,i,n,c,e,s,s,e,s
B,e,a,u,t,y, ,a,n,d, ,t,h,e, ,B,e,a,s,t
S,c,e,n,t, ,o,f, ,a, ,W,o,m,a,n
T,h,e, ,S,t,r,a,i,g,h,t, ,S,t,o,r,y
T,h,e, ,H,a,t,e,f,u,l, ,E,i,g,h,t
T,h,e, ,K,i,n,g,',s, ,S,p,e,e,c,h
T,h,e, ,S,p,i,r,i,t, ,o,f, ,t,h,e, ,B,e,e,h,i,v,e
P,h,i,l,a,d,e,l,p,h,i,a
M,y, ,F,r,i,e,n,d,s, ,A,c,t, ,I,I
C,l,é,o, ,f,r,o,m, ,5, ,t,o, ,7
S,l,u,m,d,o,g, ,M,i,l,l,i,o,n,a,i,r,e
T,h,e, ,B,r,o,k,e,n, ,C,i,r,c,l,e, ,B,r,e,a,k,d,o,w,n
D,a,v,e, ,C,h,a,p,p,e,l,l,e,:, ,T,h,e, ,A,g,e, ,o,f, ,S,p,i,n
T,h,e, ,R,e,d, ,B,a,l,l,o,o,n
S,t,r,a,n,g,e,r,s, ,o,n, ,a, ,T,r,a,i,n
F,a,n,t,a,s,t,i,c, ,P,l,a,n,e,t
H,a,r,r,y, ,P,o,t,t,e,r, ,a,n,d, ,t,h,e, ,C,h,a,m,b,e,r, ,o,f, ,S,e,c,r,e,t,s
S,l,e,u,t,h
T,h,e, ,T,r,a,i,t,o,r
U,n,d,e,r,g,r,o,u,n,d
S,y,s,t,e,m, ,C,r,a,s,h,e,r
P,o,n,y,o
M,i,l,d,r,e,d, ,P,i,e,r,c,e
T,h,e, ,T,e,n,a,n,t
N,o,s,f,e,r,a,t,u
F,a,l,l,e,n, ,A,n,g,e,l,s
T,h,e, ,K,i,l,l,e,r
H,o,t,e,l, ,R,w,a,n,d,a
S,w,e,e,t, ,S,m,e,l,l, ,o,f, ,S,u,c,c,e,s,s
M,a,g,n,o,l,i,a
T,h,e, ,B,i,g, ,H,e,a,t
T,h,e, ,L,e,o,p,a,r,d
C,a,t, ,o,n, ,a, ,H,o,t, ,T,i,n, ,R,o,o,f
W,r,a,t,h, ,o,f, ,M,a,n
C,h,a,r,a,d,e
S,t,a,g,e,c,o,a,c,h
H,e,r,o,i,c, ,L,o,s,e,r,s
F,o,r, ,L,o,v,e, ,a,n,d, ,G,o,l,d
H,a,r,v,e,y
A,n,o,t,h,e,r, ,R,o,u,n,d
T,h,e, ,B,i,g, ,B,a,d, ,F,o,x, ,a,n,d, ,O,t,h,e,r, ,T,a,l,e,s
T,h,e, ,E,x,o,r,c,i,s,t
T,h,e, ,C,h,o,r,u,s
M,y, ,N,i,g,h,t, ,a,t, ,M,a,u,d,',s
T,h,e, ,S,o,u,n,d, ,o,f, ,M,u,s,i,c
I,n, ,t,h,e, ,H,e,a,t, ,o,f, ,t,h,e, ,N,i,g,h,t
E,d,w,a,r,d, ,S,c,i,s,s,o,r,h,a,n,d,s
A, ,W,e,r,e,w,o,l,f, ,B,o,y
1,2, ,A,n,g,r,y, ,M,e,n
H,u,n,t, ,f,o,r, ,t,h,e, ,W,i,l,d,e,r,p,e,o,p,l,e
F,i,r,e,w,o,r,k,s
T,a,n,g,e,r,i,n,e,s
T,h,e, ,A,v,e,n,g,e,r,s
O,u,t, ,o,f, ,t,h,e, ,P,a,s,t
T,h,e, ,W,r,o,n,g, ,T,r,o,u,s,e,r,s
A,z,u,r, ,&, ,A,s,m,a,r,:, ,T,h,e, ,P,r,i,n,c,e,s,', ,Q,u,e,s,t
H,a,r,r,y, ,P,o,t,t,e,r, ,a,n,d, ,t,h,e, ,H,a,l,f,-,B,l,o,o,d, ,P,r,i,n,c,e
A, ,S,t,r,e,e,t,c,a,r, ,N,a,m,e,d, ,D,e,s,i,r,e
O,n,e, ,C,u,t, ,o,f, ,t,h,e, ,D,e,a,d
R,u,s,h
S,c,a,r,l,e,t, ,S,t,r,e,e,t
K,u,c,h, ,K,u,c,h, ,H,o,t,a, ,H,a,i
A,l,l, ,t,h,e, ,P,r,e,s,i,d,e,n,t,',s, ,M,e,n
E,m,b,r,a,c,e, ,o,f, ,t,h,e, ,S,e,r,p,e,n,t
C,o,w,b,o,y, ,B,e,b,o,p,:, ,T,h,e, ,M,o,v,i,e
T,h,e, ,C,o,n,f,o,r,m,i,s,t
B,r,e,a,k,f,a,s,t, ,a,t, ,T,i,f,f,a,n,y,',s
T,h,e, ,M,a,n, ,f,r,o,m, ,N,o,w,h,e,r,e
S,h,r,e,k
T,h,r,e,e, ,C,o,l,o,r,s,:, ,B,l,u,e
L,a,u,r,e,n,c,e, ,A,n,y,w,a,y,s
T,h,e, ,I,n,c,r,e,d,i,b,l,e,s
A,n,d,h,a,d,h,u,n
V,i,r,i,d,i,a,n,a
P,K
D,o,n, ,C,a,m,i,l,l,o
B,a,t,m,a,n, ,B,e,g,i,n,s
M,o,o,n,r,i,s,e, ,K,i,n,g,d,o,m
S,p,i,r,i,t,:, ,S,t,a,l,l,i,o,n, ,o,f, ,t,h,e, ,C,i,m,a,r,r,o,n
F,e,e,l, ,t,h,e, ,B,e,a,t
H,a,r,r,y, ,P,o,t,t,e,r, ,a,n,d, ,t,h,e, ,O,r,d,e,r, ,o,f, ,t,h,e, ,P,h,o,e,n,i,x
B,r,a,z,i,l
T,o, ,A,l,l, ,t,h,e, ,B,o,y,s, ,I,',v,e, ,L,o,v,e,d, ,B,e,f,o,r,e
A,l,l, ,t,h,e, ,B,r,i,g,h,t, ,P,l,a,c,e,s
A, ,C,h,a,r,l,i,e, ,B,r,o,w,n, ,C,h,r,i,s,t,m,a,s
A,n,g,e,l,s, ,w,i,t,h, ,D,i,r,t,y, ,F,a,c,e,s
H,i,g,h, ,N,o,o,n
G,e,r,m,a,n,y,",", ,Y,e,a,r, ,Z,e,r,o
S,o,n,i,c, ,t,h,e, ,H,e,d,g,e,h,o,g, ,2
N,i,g,h,t,c,r,a,w,l,e,r
F,r,e,e, ,F,a,l,l
T,h,e, ,W,a,r,r,i,o,r,s
L,a,u,r,a
M,i,s,s,i,s,s,i,p,p,i, ,B,u,r,n,i,n,g
B,l,a,c,k, ,C,a,t,",", ,W,h,i,t,e, ,C,a,t
T,h,e, ,S,a,c,r,i,f,i,c,e
I, ,V,i,t,e,l,l,o,n,i
T,h,e, ,S,i,c,i,l,i,a,n, ,C,l,a,n
T,h,e, ,B,i,g, ,S,l,e,e,p
T,h,e, ,K,i,l,l,i,n,g
T,o, ,A,l,l, ,t,h,e, ,B,o,y,s,:, ,A,l,w,a,y,s, ,a,n,d, ,F,o,r,e,v,e,r
T,h,e, ,G,a,n,g,s,t,e,r,",", ,t,h,e, ,C,o,p,",", ,t,h,e, ,D,e,v,i,l
T,h,e, ,G,e,n,t,l,e,m,e,n
T,h,e, ,Y,o,u,n,g, ,G,i,r,l,s, ,o,f, ,R,o,c,h,e,f,o,r,t
F,r,i,e,d, ,G,r,e,e,n, ,T,o,m,a,t,o,e,s
S,p,i,e,s, ,i,n, ,D,i,s,g,u,i,s,e
I,l, ,D,i,v,o
T,h,e, ,R,u,l,e,s, ,o,f, ,t,h,e, ,G,a,m,e
S,t,a,n,d, ,a,n,d, ,D,e,l,i,v,e,r
B,l,a,c,k, ,N,a,r,c,i,s,s,u,s
V,i,c,t,o,r,i,a
D,r,e,a,m,s
H,a,i,r, ,L,o,v,e
C,a,p,t,a,i,n, ,A,m,e,r,i,c,a,:, ,T,h,e, ,W,i,n,t,e,r, ,S,o,l,d,i,e,r
E,v,a,n,g,e,l,i,o,n,:, ,1,.,0, ,Y,o,u, ,A,r,e, ,(,N,o,t,), ,A,l,o,n,e
M,e,m,o,i,r,s, ,o,f, ,a, ,G,e,i,s,h,a
T,h,e, ,B,r,i,d,g,e,s, ,o,f, ,M,a,d,i,s,o,n, ,C,o,u,n,t,y
R,o,m,a
E,n,c,a,n,t,o
W,h,a,t,',s, ,E,a,t,i,n,g, ,G,i,l,b,e,r,t, ,G,r,a,p,e
W,h,i,t,e, ,H,e,a,t
2, ,H,e,a,r,t,s
B,o,y,s
E,d,d,i,e, ,M,u,r,p,h,y,:, ,D,e,l,i,r,i,o,u,s
S,h,a,n,g,-,C,h,i, ,a,n,d, ,t,h,e, ,L,e,g,e,n,d, ,o,f, ,t,h,e, ,T,e,n, ,R,i,n,g,s
A,l,l, ,A,b,o,u,t, ,M,y, ,M,o,t,h,e,r
K,u,b,o, ,a,n,d, ,t,h,e, ,T,w,o, ,S,t,r,i,n,g,s
S,t,e,a,m,b,o,a,t, ,B,i,l,l,",", ,J,r,.
W,h,o, ,A,m, ,I
A, ,M,o,v,i,e, ,o,f, ,E,g,g,s
T,h,e, ,M,a,r,t,i,a,n
W,i,n,t,e,r, ,S,l,e,e,p
I,n,s,t,r,u,c,t,i,o,n,s, ,N,o,t, ,I,n,c,l,u,d,e,d
J,e,a,n, ,d,e, ,F,l,o,r,e,t,t,e
H,o,w, ,t,o, ,T,r,a,i,n, ,Y,o,u,r, ,D,r,a,g,o,n, ,2
S,y,n,e,c,d,o,c,h,e,",", ,N,e,w, ,Y,o,r,k
T,h,e, ,G,h,o,s,t, ,a,n,d, ,M,r,s,., ,M,u,i,r
T,h,e, ,G,r,a,d,u,a,t,e
T,h,e, ,P,h,i,l,a,d,e,l,p,h,i,a, ,S,t,o,r,y
H,a,r,o,l,d, ,a,n,d, ,M,a,u,d,e
J,u,l,e,s, ,a,n,d, ,J,i,m
T,h,e, ,L,a,s,t, ,P,i,c,t,u,r,e, ,S,h,o,w
A,s,k, ,M,e, ,I,f, ,I, ,A,m, ,H,a,p,p,y
K,i,n,d, ,H,e,a,r,t,s, ,a,n,d, ,C,o,r,o,n,e,t,s
T,h,e, ,P,r,i,n,c,e,s,s, ,B,r,i,d,e
E,l,e,v,a,t,o,r, ,t,o, ,t,h,e, ,G,a,l,l,o,w,s
L,i,t,t,l,e, ,M,i,s,s, ,S,u,n,s,h,i,n,e
A,u, ,H,a,s,a,r,d, ,B,a,l,t,h,a,z,a,r
T,h,e, ,B,l,i,n,d, ,S,i,d,e
T,h,e, ,L,o,s,t, ,W,e,e,k,e,n,d
T,h,e, ,W,i,t,c,h,e,r,:, ,N,i,g,h,t,m,a,r,e, ,o,f, ,t,h,e, ,W,o,l,f
M,y, ,M,o,m, ,i,s, ,a, ,C,h,a,r,a,c,t,e,r, ,2
S,c,o,o,b,y,-,D,o,o, ,o,n, ,Z,o,m,b,i,e, ,I,s,l,a,n,d
J,F,K
R,u,r,o,u,n,i, ,K,e,n,s,h,i,n, ,P,a,r,t, ,I,I,:, ,K,y,o,t,o, ,I,n,f,e,r,n,o
F,r,e,e, ,G,u,y
I, ,C,a,n,',t, ,T,h,i,n,k, ,S,t,r,a,i,g,h,t
D,a,v,e, ,C,h,a,p,p,e,l,l,e,:, ,S,t,i,c,k,s, ,&, ,S,t,o,n,e,s
L,u,c,k,y, ,a,n,d, ,Z,o,r,b,a
T,h,e, ,B,i,g, ,C,o,u,n,t,r,y
M,i,c,k,e,y,',s, ,C,h,r,i,s,t,m,a,s, ,C,a,r,o,l
C,a,s,t, ,A,w,a,y
T,h,e, ,W,i,l,d, ,B,u,n,c,h
L,e,s, ,M,i,s,é,r,a,b,l,e,s
P,a,i,s,a,n
P,r,i,m,a,l, ,F,e,a,r
B,a,l,k,a,n, ,L,i,n,e
T,h,e, ,U,l,t,i,m,a,t,e, ,G,i,f,t
N,i,g,h,t, ,o,f, ,t,h,e, ,L,i,v,i,n,g, ,D,e,a,d
W,o,r,k, ,I,t
A,t,o,n,e,m,e,n,t
D,o,n,',t, ,B,l,a,m,e, ,t,h,e, ,K,i,d
B,l,a,c,k, ,S,w,a,n
O,c,t,o,b,e,r, ,S,k,y
F,i,t,z,c,a,r,r,a,l,d,o
B,l,u,e, ,V,e,l,v,e,t
B,a,t,t,l,e,s,h,i,p, ,P,o,t,e,m,k,i,n
B,r,e,a,k,t,h,r,o,u,g,h
T,a,s,t,e, ,o,f, ,C,h,e,r,r,y
A, ,S,h,o,r,t, ,F,i,l,m, ,A,b,o,u,t, ,K,i,l,l,i,n,g
G,u,e,s,s, ,W,h,o,',s, ,C,o,m,i,n,g, ,t,o, ,D,i,n,n,e,r
F,e,r,r,i,s, ,B,u,e,l,l,e,r,',s, ,D,a,y, ,O,f,f
T,h,e, ,H,a,n,d, ,o,f, ,G,o,d
I,',m, ,S,t,a,r,t,i,n,g, ,f,r,o,m, ,T,h,r,e,e
T,h,e, ,C,o,u,n,t, ,o,f, ,M,o,n,t,e, ,C,r,i,s,t,o
T,h,e, ,S,u,i,c,i,d,e, ,S,q,u,a,d
B,e,i,n,g, ,T,h,e,r,e
A,l,a,d,d,i,n
J,a,w,s
K,n,o,c,k,i,n,', ,o,n, ,H,e,a,v,e,n,',s, ,D,o,o,r
K,i,n,g,s,m,a,n,:, ,T,h,e, ,S,e,c,r,e,t, ,S,e,r,v,i,c,e
S,w,o,r,d, ,o,f, ,t,h,e, ,S,t,r,a,n,g,e,r
P,l,a,n,e,t, ,o,f, ,t,h,e, ,A,p,e,s
B,r,e,a,t,h,l,e,s,s
E,y,e,s, ,W,i,t,h,o,u,t, ,a, ,F,a,c,e
G,e,t, ,a, ,H,o,r,s,e,!
T,h,e, ,R,a,i,d, ,2
B,e,r,s,e,r,k,:, ,T,h,e, ,G,o,l,d,e,n, ,A,g,e, ,A,r,c, ,I,I,I, ,-, ,T,h,e, ,A,d,v,e,n,t
C,o,n,f,e,s,s,i,o,n,s
T,h,e, ,S,e,a, ,B,e,a,s,t
T,h,e, ,I,r,i,s,h,m,a,n
M,e,d,i,t,e,r,r,a,n,e,o
R,u,n,n,i,n,g, ,o,n, ,E,m,p,t,y
L,o,u
T,h,e, ,H,o,l,y, ,M,o,u,n,t,a,i,n
B,o,o,g,i,e, ,N,i,g,h,t,s
I, ,S,t,i,l,l, ,B,e,l,i,e,v,e
I,n, ,C,o,l,d, ,B,l,o,o,d
T,h,e, ,M,a,n, ,f,r,o,m, ,E,a,r,t,h
T,h,e, ,M,a,n,c,h,u,r,i,a,n, ,C,a,n,d,i,d,a,t,e
A,r,s,e,n,i,c, ,a,n,d, ,O,l,d, ,L,a,c,e
T,h,e, ,W,o,r,s,t, ,P,e,r,s,o,n, ,i,n, ,t,h,e, ,W,o,r,l,d
T,h,e, ,A,n,t,h,e,m, ,o,f, ,t,h,e, ,H,e,a,r,t
G,u,a,r,d,i,a,n,s, ,o,f, ,t,h,e, ,G,a,l,a,x,y, ,V,o,l,., ,2
O,n,e,",", ,T,w,o,",", ,T,h,r,e,e
Y,e,s,t,e,r,d,a,y,",", ,T,o,d,a,y, ,a,n,d, ,T,o,m,o,r,r,o,w
G,i,a,n,t
I,n,j,u,s,t,i,c,e
G,h,o,s,t,b,u,s,t,e,r,s,:, ,A,f,t,e,r,l,i,f,e
T,h,e, ,D,i,r,t,y, ,D,o,z,e,n
I,r,o,n, ,M,a,n
L,o,v,e, ,a,n,d, ,D,e,a,t,h
B,o,r,u,t,o,:, ,N,a,r,u,t,o, ,t,h,e, ,M,o,v,i,e
L,',A,v,v,e,n,t,u,r,a
H,a,r,d, ,B,o,i,l,e,d
T,h,e, ,S,e,r,v,a,n,t
S,c,o,o,b,y,-,D,o,o,!, ,P,i,r,a,t,e,s, ,A,h,o,y,!
T,h,e, ,W,o,r,l,d,',s, ,F,a,s,t,e,s,t, ,I,n,d,i,a,n
T,h,e, ,L,a,s,t, ,E,m,p,e,r,o,r
T,h,e, ,T,e,r,m,i,n,a,t,o,r
R,e,a,d,y, ,P,l,a,y,e,r, ,O,n,e
T,h,e, ,B,e,a,u,t,y, ,I,n,s,i,d,e
L,i,k,e, ,F,a,t,h,e,r,",", ,L,i,k,e, ,S,o,n
B,u,t,c,h, ,C,a,s,s,i,d,y, ,a,n,d, ,t,h,e, ,S,u,n,d,a,n,c,e, ,K,i,d
L,i,t,t,l,e, ,B,i,g, ,M,a,n
T,h,e, ,D,a,n,i,s,h, ,G,i,r,l
A,n,a,s,t,a,s,i,a
K,i,n,g, ,K,o,n,g
T,h,e, ,C,a,l,l
T,h,e, ,F,a,l,l
H,a,p,p,y, ,T,o,g,e,t,h,e,r
T,h,e, ,O,t,h,e,r,s
G,i,l,d,a
A,l,i,c,e, ,i,n, ,t,h,e, ,C,i,t,i,e,s
H,i,d,d,e,n, ,K,i,s,s,e,s
A, ,L,i,t,t,l,e, ,P,r,i,n,c,e,s,s
D,e,v,d,a,s
T,h,e, ,L,i,t,t,l,e, ,P,r,i,n,c,e
S,e,a,r,c,h,i,n,g
T,h,e, ,C,o,n,s,e,q,u,e,n,c,e,s, ,o,f, ,L,o,v,e
L,e, ,C,e,r,c,l,e, ,R,o,u,g,e
T,h,r,e,e, ,W,i,s,h,e,s, ,f,o,r, ,C,i,n,d,e,r,e,l,l,a
G,o,d,z,i,l,l,a
A,m,o,r,e,s, ,P,e,r,r,o,s
T,h,e, ,C,o,n,j,u,r,i,n,g,:, ,T,h,e, ,D,e,v,i,l, ,M,a,d,e, ,M,e, ,D,o, ,I,t
J,u,s,t,i,c,e, ,S,o,c,i,e,t,y,:, ,W,o,r,l,d, ,W,a,r, ,I,I
M,o,n,i,c,a, ,a,n,d, ,F,r,i,e,n,d,s,:, ,B,o,n,d,s
T,o,m,b,s,t,o,n,e
M,o,u,l,i,n, ,R,o,u,g,e,!
F,a,t,h,e,r,h,o,o,d
A, ,P,r,o,p,h,e,t
R,e,b,e,l, ,W,i,t,h,o,u,t, ,a, ,C,a,u,s,e
E,a,s,t, ,o,f, ,E,d,e,n
B,a,n,d, ,o,f, ,O,u,t,s,i,d,e,r,s
M,a,n,o,n, ,o,f, ,t,h,e, ,S,p,r,i,n,g
C,h,a,n,g,e,l,i,n,g
T,h,e, ,S,e,c,r,e,t, ,W,o,r,l,d, ,o,f, ,A,r,r,i,e,t,t,y
I,n, ,a, ,L,o,n,e,l,y, ,P,l,a,c,e
B,a,o
F,o,r,e,v,e,r, ,M,y, ,G,i,r,l
T,h,o,r,:, ,R,a,g,n,a,r,o,k
L,i,l,y,a, ,4,-,e,v,e,r
A, ,M,a,n, ,C,a,l,l,e,d, ,O,v,e
C,h,i,l,d,r,e,n, ,o,f, ,M,e,n
D,o,l,l,s
T,h,e, ,F,a,u,l,t, ,i,n, ,O,u,r, ,S,t,a,r,s
B,U,R,N,·,E
T,h,e, ,S,e,a, ,I,n,s,i,d,e
G,e,t, ,O,u,t
D,e,a,d,p,o,o,l
I, ,O,r,i,g,i,n,s
M,y, ,F,a,i,r, ,L,a,d,y
S,e,v,e,n, ,P,o,u,n,d,s
W,h,e,r,e, ,E,a,g,l,e,s, ,D,a,r,e
T,h,e, ,P,h,a,n,t,o,m, ,o,f, ,L,i,b,e,r,t,y
S,l,e,e,p,e,r,s
T,w,e,l,v,e, ,M,o,n,k,e,y,s
T,h,e, ,S,p,o,n,g,e,B,o,b, ,M,o,v,i,e,:, ,S,p,o,n,g,e, ,o,n, ,t,h,e, ,R,u,n
P,u,r,p,l,e, ,N,o,o,n
L,o,s,t, ,H,i,g,h,w,a,y
T,h,e, ,M,a,n, ,W,h,o, ,W,a,s,n,',t, ,T,h,e,r,e
B,r,o,t,h,e,r
T,h,e, ,W,o,l,f, ,a,n,d, ,t,h,e, ,L,i,o,n
B,i,l,l,y, ,E,l,l,i,o,t
A, ,D,o,g,',s, ,P,u,r,p,o,s,e
S,t,e,i,n,s,;,G,a,t,e,:, ,T,h,e, ,M,o,v,i,e, ,-, ,L,o,a,d, ,R,e,g,i,o,n, ,o,f, ,D,é,j,à, ,V,u
E,d,g,e, ,o,f, ,T,o,m,o,r,r,o,w
R,e,m,e,m,b,e,r, ,t,h,e, ,T,i,t,a,n,s
T,h,e, ,L,o,n,g,e,s,t, ,D,a,y
T,a,l,k, ,t,o, ,H,e,r
F,a,t,h,e,r, ,S,t,u
T,h,e, ,B,l,u,e, ,U,m,b,r,e,l,l,a
R,u,r,o,u,n,i, ,K,e,n,s,h,i,n, ,P,a,r,t, ,I,:, ,O,r,i,g,i,n,s
T,h,e, ,L,o,n,g,e,s,t, ,R,i,d,e
I,n,s,t,a,n,t, ,F,a,m,i,l,y
B,o,y,z, ,n, ,t,h,e, ,H,o,o,d
G,r,o,u,n,d,h,o,g, ,D,a,y
M,a,u,r,i,c,e
B,a,d,l,a,n,d,s
I,m,a,g,i,n,e, ,M,e, ,&, ,Y,o,u
B,a,t,m,a,n,:, ,T,h,e, ,L,o,n,g, ,H,a,l,l,o,w,e,e,n,",", ,P,a,r,t, ,O,n,e
B,i,a,n,c,a
B,r,i,n,g,i,n,g, ,U,p, ,B,a,b,y
T,h,e, ,W,o,l,f,',s, ,C,a,l,l
H,o,t,e,l, ,M,u,m,b,a,i
S,e,c,r,e,t,s, ,&, ,L,i,e,s
T,h,e, ,G,a,r,d,e,n, ,o,f, ,W,o,r,d,s
M,o,o,n
D,o,g,m,a,n
S,i,n, ,N,o,m,b,r,e
M,y, ,M,a,n, ,G,o,d,f,r,e,y
L,a,d,y, ,S,n,o,w,b,l,o,o,d
T,a,n,g,l,e,d
T,h,e, ,W,i,z,a,r,d, ,o,f, ,O,z
T,h,e, ,R,o,u,n,d, ,U,p
H,e,d,w,i,g, ,a,n,d, ,t,h,e, ,A,n,g,r,y, ,I,n,c,h
A,m,e,r,i,c,a,n, ,G,a,n,g,s,t,e,r
T,o,y, ,S,t,o,r,y, ,2
T,h,e, ,C,o,n,v,e,r,s,a,t,i,o,n
B,l,u,e, ,M,i,r,a,c,l,e
B,e,a,s,t,s, ,o,f, ,N,o, ,N,a,t,i,o,n
T,h,e, ,D,i,v,i,n,g, ,B,e,l,l, ,a,n,d, ,t,h,e, ,B,u,t,t,e,r,f,l,y
M,y, ,D,i,n,n,e,r, ,w,i,t,h, ,A,n,d,r,e
F,a,t,h,e,r, ,T,h,e,r,e, ,I,s, ,O,n,l,y, ,O,n,e
A, ,Q,u,i,e,t, ,P,l,a,c,e, ,P,a,r,t, ,I,I
T,h,e, ,C,a,l,l, ,o,f, ,t,h,e, ,W,i,l,d
H,a,n,n,a,h, ,a,n,d, ,H,e,r, ,S,i,s,t,e,r,s
H,a,l,l,o,w,e,e,n
U,g,l,y,",", ,D,i,r,t,y, ,a,n,d, ,B,a,d
T,h,e,y, ,C,a,l,l, ,M,e, ,T,r,i,n,i,t,y
T,h,e, ,B,a,n,k,e,r
W,h,a,t, ,W,e, ,D,o, ,i,n, ,t,h,e, ,S,h,a,d,o,w,s
L,o,v,e, ,H,u,r,t,s
T,h,e, ,B,r,i,d,e, ,o,f, ,F,r,a,n,k,e,n,s,t,e,i,n
S,t,i,l,l, ,L,i,f,e
S,p,l,e,n,d,o,r, ,i,n, ,t,h,e, ,G,r,a,s,s
I, ,A,m, ,S,a,m
C,h,a,m,p,i,o,n,s
S,i,d,e,w,a,l,l,s
D,e,t,a,c,h,m,e,n,t
T,h,e, ,H,o,b,b,i,t,:, ,T,h,e, ,D,e,s,o,l,a,t,i,o,n, ,o,f, ,S,m,a,u,g
T,h,e, ,R,e,t,u,r,n
B,a,t,m,a,n,:, ,T,h,e, ,L,o,n,g, ,H,a,l,l,o,w,e,e,n,",", ,P,a,r,t, ,T,w,o
B,i,g, ,T,i,m,e, ,A,d,o,l,e,s,c,e,n,c,e
M,y, ,L,e,f,t, ,F,o,o,t,:, ,T,h,e, ,S,t,o,r,y, ,o,f, ,C,h,r,i,s,t,y, ,B,r,o,w,n
S,l,i,n,g, ,B,l,a,d,e
K,r,a,m,e,r, ,v,s,., ,K,r,a,m,e,r
C,u,s,t,o,d,y
E,x, ,M,a,c,h,i,n,a
Z,i,n,d,a,g,i, ,N,a, ,M,i,l,e,g,i, ,D,o,b,a,r,a
A,r,r,i,v,a,l
M,o,a,n,a
H,i,g,h, ,S,c,h,o,o,l, ,o,f, ,t,h,e, ,D,e,a,d,:, ,D,r,i,f,t,e,r,s, ,o,f, ,t,h,e, ,D,e,a,d
A, ,P,u,r,e, ,F,o,r,m,a,l,i,t,y
T,h,e, ,O,d,d, ,C,o,u,p,l,e
T,h,e, ,C,u,r,i,o,u,s, ,C,a,s,e, ,o,f, ,B,e,n,j,a,m,i,n, ,B,u,t,t,o,n
M,a,r,y, ,P,o,p,p,i,n,s
G,o,o,d, ,B,y,e, ,L,e,n,i,n,!
T,h,e, ,B,o,d,y
T,h,e, ,L,e,g,e,n,d, ,o,f, ,S,l,e,e,p,y, ,H,o,l,l,o,w
T,h,e, ,S,e,v,e,n, ,D,e,a,d,l,y, ,S,i,n,s,:, ,P,r,i,s,o,n,e,r,s, ,o,f, ,t,h,e, ,S,k,y
A,l,l, ,T,h,r,e,e, ,o,f, ,U,s
T,h,e, ,T,h,i,n, ,M,a,n
K,e,y, ,L,a,r,g,o
C,o,n,t,r,o,l
C,y,r,a,n,o,",", ,M,y, ,L,o,v,e
D,r,i,v,e
N,i,n,o,t,c,h,k,a
T,h,e, ,C,r,o,o,d,s,:, ,A, ,N,e,w, ,A,g,e
M,e, ,a,n,d, ,E,a,r,l, ,a,n,d, ,t,h,e, ,D,y,i,n,g, ,G,i,r,l
R,o,a,d, ,t,o, ,N,i,n,j,a,:, ,N,a,r,u,t,o, ,t,h,e, ,M,o,v,i,e
T,h,e, ,A,s,p,h,a,l,t, ,J,u,n,g,l,e
A,g,u,i,r,r,e,",", ,t,h,e, ,W,r,a,t,h, ,o,f, ,G,o,d
T,o,y, ,S,t,o,r,y, ,4
M,i,d,n,i,g,h,t, ,E,x,p,r,e,s,s
S,h,a,d,o,w, ,o,f, ,a, ,D,o,u,b,t
G,u,n, ,C,r,a,z,y
R,i,d,e, ,Y,o,u,r, ,W,a,v,e
T,h,e, ,L,a,s,t, ,F,u,l,l, ,M,e,a,s,u,r,e
C,a,p,t,a,i,n, ,P,h,i,l,l,i,p,s
M,a,d, ,M,a,x,:, ,F,u,r,y, ,R,o,a,d
S,e,r,p,i,c,o
T,o, ,S,i,r,",", ,w,i,t,h, ,L,o,v,e
T,h,e, ,D,o,u,b,l,e, ,L,i,f,e, ,o,f, ,V,é,r,o,n,i,q,u,e
T,h,e, ,M,a,g,n,i,f,i,c,e,n,t, ,S,e,v,e,n
T,h,e, ,S,n,o,w,m,a,n
D,o,c,t,o,r, ,Z,h,i,v,a,g,o
U,n, ,C,h,i,e,n, ,A,n,d,a,l,o,u
I,t,a,l,i,a,n, ,R,a,c,e
W,a,k,i,n,g, ,L,i,f,e
T,h,e,l,m,a, ,&, ,L,o,u,i,s,e
T,h,e, ,F,a,v,o,u,r,i,t,e
